distance[cm]	
18.6248421669	
144.864881039	
85.3226304054	
184.551537037	
185.16895771	
185.32024622	
185.663712025	
185.05038023	
184.604692459	
185.013580322	
185.066735744	
185.083091259	
